Workbook

Sheet Status
A1: Elective Course Status
A2: Use the Courses sheet as the source of truth. Set Status = Chosen to include a course in the main ECTS count.
A4: Planning Summary | E4: By Status
A5: Target elective ECTS | B5: 30 | E5: Status | F5: Courses | G5: ECTS
A6: Chosen or Obligatory ECTS | B6: {=SUM(SUMIF(Courses!$A$4:$A$200,{"Chosen";"Obligatory"},Courses!$D$4:$D$200))} -> 30 | E6: Interested | F6: =COUNTIF(Courses!$A$4:$A$200,E6) -> 2 | G6: =SUMIF(Courses!$A$4:$A$200,E6,Courses!$D$4:$D$200) -> 10
A7: Missing ECTS | B7: =MAX(0,$B$5-$B$6) -> 0 | E7: Shortlist | F7: =COUNTIF(Courses!$A$4:$A$200,E7) -> 0 | G7: =SUMIF(Courses!$A$4:$A$200,E7,Courses!$D$4:$D$200) -> 0
A8: Shortlist ECTS | B8: =SUMIF(Courses!$A$4:$A$200,"Shortlist",Courses!$D$4:$D$200) -> 0 | E8: Chosen | F8: =COUNTIF(Courses!$A$4:$A$200,E8) -> 3 | G8: =SUMIF(Courses!$A$4:$A$200,E8,Courses!$D$4:$D$200) -> 20
A9: Backup ECTS | B9: =SUMIF(Courses!$A$4:$A$200,"Backup",Courses!$D$4:$D$200) -> 25 | E9: Obligatory | F9: =COUNTIF(Courses!$A$4:$A$200,E9) -> 2 | G9: =SUMIF(Courses!$A$4:$A$200,E9,Courses!$D$4:$D$200) -> 10
A10: Selected courses | B10: {=SUM(COUNTIF(Courses!$A$4:$A$200,{"Chosen";"Obligatory"}))} -> 5 | E10: Backup | F10: =COUNTIF(Courses!$A$4:$A$200,E10) -> 4 | G10: =SUMIF(Courses!$A$4:$A$200,E10,Courses!$D$4:$D$200) -> 25
E11: Total | F11: =SUM(F6:F10) -> 11 | G11: =SUM(G6:G10) -> 65
A13: ECTS by Level | E13: ECTS by Semester
A14: Level | B14: Chosen ECTS | C14: % of chosen | E14: Semester | F14: Chosen ECTS | G14: % of chosen
A15: BSc | B15: {=SUM(SUMIFS(Courses!$D$4:$D$200,Courses!$A$4:$A$200,{"Chosen";"Obligatory"},Courses!$E$4:$E$200,A15))} -> 20 | C15: =IF($B$6=0,0,B15/$B$6) -> 0.66666667 | E15: E26 | F15: {=SUM(SUMIFS(Courses!$D$4:$D$200,Courses!$A$4:$A$200,{"Chosen";"Obligatory"},Courses!$G$4:$G$200,E15))} -> 30 | G15: =IF($B$6=0,0,F15/$B$6) -> 1
A16: BEng | B16: {=SUM(SUMIFS(Courses!$D$4:$D$200,Courses!$A$4:$A$200,{"Chosen";"Obligatory"},Courses!$E$4:$E$200,A16))} -> 10 | C16: =IF($B$6=0,0,B16/$B$6) -> 0.33333333 | E16: F27 | F16: {=SUM(SUMIFS(Courses!$D$4:$D$200,Courses!$A$4:$A$200,{"Chosen";"Obligatory"},Courses!$G$4:$G$200,E16))} -> 0 | G16: =IF($B$6=0,0,F16/$B$6) -> 0
A17: MSc | B17: {=SUM(SUMIFS(Courses!$D$4:$D$200,Courses!$A$4:$A$200,{"Chosen";"Obligatory"},Courses!$E$4:$E$200,A17))} -> 0 | C17: =IF($B$6=0,0,B17/$B$6) -> 0 | E17: E27 | F17: {=SUM(SUMIFS(Courses!$D$4:$D$200,Courses!$A$4:$A$200,{"Chosen";"Obligatory"},Courses!$G$4:$G$200,E17))} -> 0 | G17: =IF($B$6=0,0,F17/$B$6) -> 0
A18: L1 | B18: {=SUM(SUMIFS(Courses!$D$4:$D$200,Courses!$A$4:$A$200,{"Chosen";"Obligatory"},Courses!$E$4:$E$200,A18))} -> 0 | C18: =IF($B$6=0,0,B18/$B$6) -> 0 | E18: F28 | F18: {=SUM(SUMIFS(Courses!$D$4:$D$200,Courses!$A$4:$A$200,{"Chosen";"Obligatory"},Courses!$G$4:$G$200,E18))} -> 0 | G18: =IF($B$6=0,0,F18/$B$6) -> 0
A19: L2 | B19: {=SUM(SUMIFS(Courses!$D$4:$D$200,Courses!$A$4:$A$200,{"Chosen";"Obligatory"},Courses!$E$4:$E$200,A19))} -> 0 | C19: =IF($B$6=0,0,B19/$B$6) -> 0 | E19: E28 | F19: {=SUM(SUMIFS(Courses!$D$4:$D$200,Courses!$A$4:$A$200,{"Chosen";"Obligatory"},Courses!$G$4:$G$200,E19))} -> 0 | G19: =IF($B$6=0,0,F19/$B$6) -> 0
A20: Unknown | B20: {=SUM(SUMIFS(Courses!$D$4:$D$200,Courses!$A$4:$A$200,{"Chosen";"Obligatory"},Courses!$E$4:$E$200,A20))} -> 0 | C20: =IF($B$6=0,0,B20/$B$6) -> 0 | E20: F29 | F20: {=SUM(SUMIFS(Courses!$D$4:$D$200,Courses!$A$4:$A$200,{"Chosen";"Obligatory"},Courses!$G$4:$G$200,E20))} -> 0 | G20: =IF($B$6=0,0,F20/$B$6) -> 0
E21: E29 | F21: {=SUM(SUMIFS(Courses!$D$4:$D$200,Courses!$A$4:$A$200,{"Chosen";"Obligatory"},Courses!$G$4:$G$200,E21))} -> 0 | G21: =IF($B$6=0,0,F21/$B$6) -> 0
A23: ECTS by Study Line | E23: Course Quality Checks
A24: Study Line | B24: Chosen ECTS | C24: % of chosen | E24: Check | F24: Count
A25: Renewable Energy | B25: {=SUM(SUMIFS(Courses!$D$4:$D$200,Courses!$A$4:$A$200,{"Chosen";"Obligatory"},Courses!$F$4:$F$200,A25))} -> 0 | C25: =IF($B$6=0,0,B25/$B$6) -> 0 | E25: Exact exam date conflicts | F25: =COUNTIF(Courses!$U$4:$U$200,"Yes") -> 0
A26: Thermo/Fluid Dynamics | B26: {=SUM(SUMIFS(Courses!$D$4:$D$200,Courses!$A$4:$A$200,{"Chosen";"Obligatory"},Courses!$F$4:$F$200,A26))} -> 0 | C26: =IF($B$6=0,0,B26/$B$6) -> 0
A27: Robot Technology | B27: {=SUM(SUMIFS(Courses!$D$4:$D$200,Courses!$A$4:$A$200,{"Chosen";"Obligatory"},Courses!$F$4:$F$200,A27))} -> 0 | C27: =IF($B$6=0,0,B27/$B$6) -> 0
A28: Dynamics | B28: {=SUM(SUMIFS(Courses!$D$4:$D$200,Courses!$A$4:$A$200,{"Chosen";"Obligatory"},Courses!$F$4:$F$200,A28))} -> 0 | C28: =IF($B$6=0,0,B28/$B$6) -> 0
A29: Solid Mechanics | B29: {=SUM(SUMIFS(Courses!$D$4:$D$200,Courses!$A$4:$A$200,{"Chosen";"Obligatory"},Courses!$F$4:$F$200,A29))} -> 5 | C29: =IF($B$6=0,0,B29/$B$6) -> 0.16666667
A30: Materials | B30: {=SUM(SUMIFS(Courses!$D$4:$D$200,Courses!$A$4:$A$200,{"Chosen";"Obligatory"},Courses!$F$4:$F$200,A30))} -> 5 | C30: =IF($B$6=0,0,B30/$B$6) -> 0.16666667
A31: Mechanical Engineering Design | B31: {=SUM(SUMIFS(Courses!$D$4:$D$200,Courses!$A$4:$A$200,{"Chosen";"Obligatory"},Courses!$F$4:$F$200,A31))} -> 0 | C31: =IF($B$6=0,0,B31/$B$6) -> 0
A32: Manufacturing | B32: {=SUM(SUMIFS(Courses!$D$4:$D$200,Courses!$A$4:$A$200,{"Chosen";"Obligatory"},Courses!$F$4:$F$200,A32))} -> 0 | C32: =IF($B$6=0,0,B32/$B$6) -> 0
A33: AI / Digital | B33: {=SUM(SUMIFS(Courses!$D$4:$D$200,Courses!$A$4:$A$200,{"Chosen";"Obligatory"},Courses!$F$4:$F$200,A33))} -> 0 | C33: =IF($B$6=0,0,B33/$B$6) -> 0
A34: Other | B34: {=SUM(SUMIFS(Courses!$D$4:$D$200,Courses!$A$4:$A$200,{"Chosen";"Obligatory"},Courses!$F$4:$F$200,A34))} -> 0 | C34: =IF($B$6=0,0,B34/$B$6) -> 0
A36: Chosen Courses | K36: Shortlisted Courses
A37: Course Code | B37: Course Name | C37: ECTS | D37: Level | E37: Semester | F37: Exam Form | G37: Exam Date | H37: Priority | K37: Course Code | L37: Course Name | M37: ECTS | N37: Level | O37: Semester | P37: Exam Form | Q37: Exam Date | R37: Priority
A38: {=_xlfn._xlws.FILTER(_xlfn.CHOOSECOLS(Courses!B4:Q200,1,2,3,4,6,7,11,12),(Courses!A4:A200="Chosen")+(Courses!A4:A200="Obligatory"),"No courses marked as Chosen or Obligatory yet")} -> 290241U001 | B38: Udviklingsprojekt i Mekanik | C38: 10 | D38: BSc | E38: E26 | F38: Project | G38: 0 | H38: 5 | K38: {=_xlfn._xlws.FILTER(_xlfn.CHOOSECOLS(Courses!B4:Q200,1,2,3,4,6,7,11,12),(Courses!A4:A200="Interested")+(Courses!A4:A200="Shortlist")+(Courses!A4:A200="Backup"),"No courses marked as shortlisted or interested yet")} -> 290252U023 | L38: Computational Dynamics | M38: 10 | N38: MSc | O38: E26 | P38: Oral | Q38: 46407 | R38: 3
A39: 290221U002 | B39: Varmetransmission | C39: 5 | D39: BSc | E39: E26 | F39: Written | G39: 46395 | H39: 0 | K39: 290252U002 | L39: Fluids Engineering and Turbulence | M39: 5 | N39: MSc | O39: E26 | P39: Written | Q39: 46406 | R39: 4
A40: 290221U001 | B40: Fremstillingsprocesser | C40: 5 | D40: BSc | E40: E26 | F40: Written | G40: 46402 | H40: 0 | K40: 290252U031 | L40: Finite Element Method | M40: 5 | N40: MSc | O40: E26 | P40: Take-home | Q40: 0 | R40: 2
A41: M3FEM1-03 | B41: Finite Element og mekanisme analyse | C41: 5 | D41: Beng | E41: E26 | F41: Oral | G41: 46400 | H41: 4 | K41: MTAPPCFD-01 | L41: Anvendt CFD | M41: 5 | N41: Beng | O41: E26 | P41: Take-home | Q41: 0 | R41: 4
A42: MTKMA1-02 | B42: Kompositmaterialer | C42: 5 | D42: Beng | E42: E26 | F42: Oral | G42: 46401 | H42: 5 | K42: MTPLA1-01 | L42: Plastteknologi | M42: 5 | N42: Beng | O42: E26 | P42: Oral | Q42: 46399 | R42: 4
K43: MTSTK1-01 | L43: Stålkonstruktioner | M43: 5 | N43: Beng | O43: E26 | P43: Oral | Q43: 46399 | R43: 4

Sheet Courses
A3: Status | B3: Course Code | C3: Course Name | D3: ECTS | E3: Level | F3: Study-Line | G3: Semester | H3: Exam Form | I3: Study Form | J3: Teacher | K3: Class Time | L3: Exam Date | M3: Interest (1-5) | N3: Usefulness (1-5) | O3: Workload (1-5) | P3: Notes | Q3: Link
A4: Backup | B4: 290252U023 | C4: Computational Dynamics | D4: 10 | E4: MSc | F4: Dynamics | G4: E26 | H4: Oral | I4: Lecture-based | J4: Ole Balling | K4: Ons 8-12, Fre 12-16 | L4: 46407 | M4: 3 | N4: 4 | O4: 5 | Q4: https://kursuskatalog.au.dk/da/course/141599/Computational-Dynamics
A5: Chosen | B5: 290241U001 | C5: Udviklingsprojekt i Mekanik | D5: 10 | E5: BSc | F5: N/A | G5: E26 | H5: Project | I5: Project work | J5: Lars Erik Bräuner | M5: 5 | N5: 5 | O5: 5 | Q5: https://kursuskatalog.au.dk/da/course/142134/Udviklingsprojekt-i-mekanik
B6: MTMEC-02 | C6: Introduction to Mechatronics | D6: 10 | E6: Beng | F6: Robot Technology | G6: E26 | H6: Oral | I6: Lecture-based | J6: Claus Melvad | K6: Man 12-16, Tor 12-16 | L6: 46405 | M6: 3 | N6: 4 | O6: 5 | Q6: https://kursuskatalog.au.dk/da/course/142095/MTMEC-02-Introduction-to-Mechatronics
A7: Interested | B7: 290252U002 | C7: Fluids Engineering and Turbulence | D7: 5 | E7: MSc | F7: Thermo/Fluid Dynamics | G7: E26 | H7: Written | I7: Lecture-based | J7: Mahdi Abkar | K7: Tir 12-16 | L7: 46406 | M7: 4 | N7: 4 | O7: 4 | P7: Weekly Homework | Q7: https://kursuskatalog.au.dk/da/course/142143/Fluids-Engineering-and-Turbulence
B8: 290252U022 | C8: Turbomachinery | D8: 5 | E8: MSc | F8: Renewable Energy | G8: E26 | H8: Written | I8: Lecture-based | J8: Jürgen Schmiegel | K8: Tor 8-12 | L8: 46398 | M8: 3 | N8: 3 | O8: 3 | Q8: https://kursuskatalog.au.dk/da/course/141569/Turbomachinery
A9: Obligatory | B9: 290221U002 | C9: Varmetransmission | D9: 5 | E9: BSc | F9: N/A | G9: E26 | H9: Written | I9: Lecture-based | J9: Pourya Forooghi | K9: Tir 8-12 | L9: 46395 | P9: Halv-opgave, halv lecture | Q9: https://kursuskatalog.au.dk/da/course/142123/Varmetransmission
A10: Obligatory | B10: 290221U001 | C10: Fremstillingsprocesser | D10: 5 | E10: BSc | F10: N/A | G10: E26 | H10: Written | I10: Lecture-based | J10: Jinghao Li | K10: Tor 8-12 | L10: 46402 | P10: 3 Opgaver undervejs | Q10: https://kursuskatalog.au.dk/da/course/142122/Fremstillingsprocesser
B11: 290252U030 | C11: Mechatronics | D11: 5 | E11: MSc | F11: Robot Technology | G11: E26 | H11: Oral | I11: Lecture-based | J11: Rassoul Tabassian | K11: Fre 8-12 | L11: 46413 | M11: 3 | N11: 3 | O11: 4 | P11: 2-4 HW sets | Q11: https://kursuskatalog.au.dk/da/course/142446/Mechatronics
A12: Backup | B12: 290252U031 | C12: Finite Element Method | D12: 5 | E12: MSc | F12: Solid Mechanics | G12: E26 | H12: Take-home | I12: Lecture-based | J12: Matteo Pezzula | K12: Man 12-16 | M12: 2 | N12: 3 | O12: 4 | Q12: https://kursuskatalog.au.dk/da/course/142447/Finite-Element-Method
A13: Backup | B13: MTAPPCFD-01 | C13: Anvendt CFD | D13: 5 | E13: Beng | F13: Thermo/Fluid Dynamics | G13: E26 | H13: Take-home | I13: Lecture-based | J13: Martin Nielsen | K13: Tir 8-10, Fre 10-12 | M13: 4 | N13: 3 | O13: 4 | Q13: https://kursuskatalog.au.dk/da/course/142103/MTAPPCFD-01-Anvendt-CFD
B14: MTETS-01 | C14: Energitekniske Systemer | D14: 5 | E14: Beng | F14: Renewable Energy | G14: E26 | H14: Oral | I14: Lecture-based | J14: Jens Møller Andersen | K14: Ons 8-12 | L14: 46391 | M14: 1 | N14: 2 | O14: 2 | Q14: https://kursuskatalog.au.dk/da/course/142079/MTETS-01-Energitekniske-systemer
B15: MTTRA1-02 | C15: Køle- og klimateknik | D15: 5 | E15: Beng | F15: Thermo/Fluid Dynamics | G15: E26 | H15: Oral | I15: Lecture-based | J15: Mugisa Yahaya Kano | K15: Man 12-14, Tor 12-14 | L15: 46392 | M15: 2 | N15: 3 | O15: 2 | Q15: https://kursuskatalog.au.dk/da/course/142072/MTTRA1-02-Koele-og-klimateknik
B16: MTAAI-01 | C16: Anvendt AI for ingeniører | D16: 5 | E16: Beng | F16: N/A | G16: E26 | H16: Take-home | I16: Lecture-based | J16: Claus Melvad | K16: Fre 8-12 | M16: 3 | N16: 4 | O16: 2 | Q16: https://kursuskatalog.au.dk/da/course/142140/MTAAI-01-Anvendt-AI-for-ingenioerer
B17: MTENT-01 | C17: Entreprenørskab for ingeniører | D17: 5 | E17: Beng | F17: N/A | G17: E26 | H17: Oral | I17: Lecture-based | J17: Mia Louise Justesen | K17: Ons 12-16 | L17: 46371 | M17: 1 | N17: 3 | O17: 3 | Q17: https://kursuskatalog.au.dk/da/course/142120/MTENT-01-Entreprenoerskab-for-ingenioerer
A18: Chosen | B18: M3FEM1-03 | C18: Finite Element og mekanisme analyse | D18: 5 | E18: Beng | F18: Solid Mechanics | G18: E26 | H18: Oral | I18: Lecture-based | J18: Peter Munch Knudsen | K18: Tir 10-12, Ons 12-14 | L18: 46400 | M18: 4 | N18: 5 | O18: 3 | Q18: https://kursuskatalog.au.dk/da/course/142085/M3FEM1-03-Finite-Element-og-mekanisme-analyse
B19: MTADVFEM-01 | C19: Avanceret FEM | D19: 5 | E19: Beng | F19: Solid Mechanics | G19: E26 | H19: Take-home | I19: Lecture-based | J19: Martin Nielsen | K19: Tir 10-12, Fre 8-10 | M19: 3 | N19: 4 | O19: 3 | Q19: https://kursuskatalog.au.dk/da/course/142102/MTADVFEM-01-Avanceret-FEM
A20: Chosen | B20: MTKMA1-02 | C20: Kompositmaterialer | D20: 5 | E20: Beng | F20: Materials | G20: E26 | H20: Oral | I20: Lecture-based | J20: Thomas Greve | K20: Tir 14-16, Tor 8-10 | L20: 46401 | M20: 5 | N20: 4 | O20: 3 | Q20: https://kursuskatalog.au.dk/da/course/142093/MTKMA1-02-Kompositmaterialer
A21: Interested | B21: MTPLA1-01 | C21: Plastteknologi | D21: 5 | E21: Beng | F21: Materials | G21: E26 | H21: Oral | I21: Lecture-based | J21: Carsten Bloch | K21: Man 10-12, Tor 10-12 | L21: 46399 | M21: 4 | N21: 4 | O21: 3 | Q21: https://kursuskatalog.au.dk/da/course/142148/MTPLA1-01-Plastteknologi
A22: Backup | B22: MTSTK1-01 | C22: Stålkonstruktioner | D22: 5 | E22: Beng | F22: Solid Mechanics | G22: E26 | H22: Oral | I22: Lecture-based | J22: Morten Fogtmann Kristiansen | K22: Man 8-10, Tor-10-12 | L22: 46399 | M22: 4 | N22: 4 | O22: 3 | Q22: https://kursuskatalog.au.dk/da/course/142147/MTSTK1-01-Staalkonstruktioner

Sheet Lists
A1: Status | B1: Level | C1: Semester | D1: Exam Form | E1: Study Form | F1: Study Line | G1: ECTS
A2: Interested | B2: BSc | C2: E26 | D2: Written | E2: Lecture-based | F2: Renewable Energy | G2: 5
A3: Shortlist | B3: Beng | C3: F27 | D3: Oral | E3: Lab | F3: Thermo/Fluid Dynamics | G3: 10
A4: Chosen | B4: MSc | C4: E27 | D4: Project | E4: Project work | F4: Robot Technology
A5: Backup | B5: L1 | C5: F28 | D5: Take-home | F5: Dynamics
A6: Completed | B6: L2 | C6: E28 | F6: Solid Mechanics
A7: Obligatory | F7: Materials
F8: Mechanical Engineering Design
F9: Manufacturing
F10: N/A
